mergeCommitId,isMergeConflicting,filesConflictants,parent1Id,parent1Files,parent2Id,parent2Files,ancestorId,numberOfConflicts
9ed5830ad605a6891bc67100393ec24bfeeefe4d,false,[],4e331dff0d50c6f69acb9ca46c55bf0a2897f6de,[],34ca160e51b5660a23faed0ae03fef01b9cda664,[res/values/strings.xml@ res/xml/general_preferences.xml@ src/com/android/calendar/GeneralPreferences.java],6f751f2a44226b2c29bd62df5b308c9ab9acce64,0
8f2c5466fa963d93503e8cc46e1bb05c1c1f2185,false,[],f721559cdd5618c05346dbc97b3fb4226dde2536,[.gitignore@ Android.mk@ AndroidManifest.xml@ assets/backward@ assets/zone.tab@ res/color/recurrence_bubble_text_color.xml@ res/color/recurrence_spinner_text_color.xml@ res/drawable-hdpi/ic_menu_today_no_date_holo_light.png@ res/drawable-hdpi/ic_menu_today_no_date_holo_light_disabled.png@ res/drawable-hdpi/ic_recurrence_bubble_disabled.png@ res/drawable-hdpi/ic_recurrence_bubble_outline.png@ res/drawable-hdpi/ic_recurrence_bubble_outline_disabled.png@ res/drawable-hdpi/switch_thumb_activated_holo_light.9.png@ res/drawable-hdpi/switch_thumb_disabled_holo_light.9.png@ res/drawable-hdpi/switch_thumb_holo_light_v2.9.png@ res/drawable-hdpi/switch_thumb_pressed_holo_light.9.png@ res/drawable-mdpi/ic_menu_today_no_date_holo_light.png@ res/drawable-mdpi/ic_menu_today_no_date_holo_light_disabled.png@ res/drawable-mdpi/ic_recurrence_bubble_disabled.png@ res/drawable-mdpi/ic_recurrence_bubble_outline.png@ res/drawable-mdpi/ic_recurrence_bubble_outline_disabled.png@ res/drawable-mdpi/switch_thumb_activated_holo_light.9.png@ res/drawable-mdpi/switch_thumb_disabled_holo_light.9.png@ res/drawable-mdpi/switch_thumb_holo_light_v2.9.png@ res/drawable-mdpi/switch_thumb_pressed_holo_light.9.png@ res/drawable-xhdpi/ic_menu_today_no_date_holo_light.png@ res/drawable-xhdpi/ic_menu_today_no_date_holo_light_disabled.png@ res/drawable-xhdpi/ic_recurrence_bubble_disabled.png@ res/drawable-xhdpi/ic_recurrence_bubble_outline.png@ res/drawable-xhdpi/ic_recurrence_bubble_outline_disabled.png@ res/drawable-xhdpi/switch_thumb_activated_holo_light.9.png@ res/drawable-xhdpi/switch_thumb_disabled_holo_light.9.png@ res/drawable-xhdpi/switch_thumb_holo_light_v2.9.png@ res/drawable-xhdpi/switch_thumb_pressed_holo_light.9.png@ res/drawable/ic_launch_date_picker.xml@ res/drawable/recurrence_bubble_fill.xml@ res/drawable/switch_thumb.xml@ res/layout-sw600dp/edit_event_1.xml@ res/layout/calendar_sync_item.xml@ res/layout/edit_event_2.xml@ res/layout/mini_calendar_item.xml@ res/layout/recurrencepicker.xml@ res/layout/recurrencepicker_end_text.xml@ res/layout/recurrencepicker_freq_item.xml@ res/values-af/arrays.xml@ res/values-af/strings.xml@ res/values-am/arrays.xml@ res/values-am/strings.xml@ res/values-ar/arrays.xml@ res/values-ar/strings.xml@ res/values-be/arrays.xml@ res/values-be/strings.xml@ res/values-bg/arrays.xml@ res/values-bg/strings.xml@ res/values-ca/arrays.xml@ res/values-ca/strings.xml@ res/values-cs/arrays.xml@ res/values-cs/strings.xml@ res/values-da/arrays.xml@ res/values-da/strings.xml@ res/values-de/arrays.xml@ res/values-de/strings.xml@ res/values-el/arrays.xml@ res/values-el/strings.xml@ res/values-en-rGB/arrays.xml@ res/values-en-rGB/strings.xml@ res/values-es-rUS/arrays.xml@ res/values-es-rUS/strings.xml@ res/values-es/arrays.xml@ res/values-es/strings.xml@ res/values-et/arrays.xml@ res/values-et/strings.xml@ res/values-fa/arrays.xml@ res/values-fa/strings.xml@ res/values-fi/arrays.xml@ res/values-fi/strings.xml@ res/values-fr/arrays.xml@ res/values-fr/strings.xml@ res/values-hi/arrays.xml@ res/values-hi/strings.xml@ res/values-hr/arrays.xml@ res/values-hr/strings.xml@ res/values-hu/arrays.xml@ res/values-hu/strings.xml@ res/values-in/arrays.xml@ res/values-in/strings.xml@ res/values-it/arrays.xml@ res/values-it/strings.xml@ res/values-iw/arrays.xml@ res/values-iw/strings.xml@ res/values-ja/arrays.xml@ res/values-ja/strings.xml@ res/values-ko/arrays.xml@ res/values-ko/strings.xml@ res/values-land/dimens.xml@ res/values-lt/arrays.xml@ res/values-lt/strings.xml@ res/values-lv/arrays.xml@ res/values-lv/strings.xml@ res/values-ms/arrays.xml@ res/values-ms/strings.xml@ res/values-nb/arrays.xml@ res/values-nb/strings.xml@ res/values-nl/arrays.xml@ res/values-nl/strings.xml@ res/values-pl/arrays.xml@ res/values-pl/strings.xml@ res/values-pt-rPT/arrays.xml@ res/values-pt-rPT/strings.xml@ res/values-pt/arrays.xml@ res/values-pt/strings.xml@ res/values-ro/arrays.xml@ res/values-ro/strings.xml@ res/values-ru/arrays.xml@ res/values-ru/strings.xml@ res/values-sk/arrays.xml@ res/values-sk/strings.xml@ res/values-sl/arrays.xml@ res/values-sl/strings.xml@ res/values-sr/arrays.xml@ res/values-sr/strings.xml@ res/values-sv/arrays.xml@ res/values-sv/strings.xml@ res/values-sw/arrays.xml@ res/values-sw/strings.xml@ res/values-sw600dp-land/dimens.xml@ res/values-sw600dp/dimens.xml@ res/values-th/arrays.xml@ res/values-th/strings.xml@ res/values-tl/arrays.xml@ res/values-tl/strings.xml@ res/values-tr/arrays.xml@ res/values-tr/strings.xml@ res/values-uk/arrays.xml@ res/values-uk/strings.xml@ res/values-vi/arrays.xml@ res/values-vi/strings.xml@ res/values-w600dp-h879dp/dimens.xml@ res/values-zh-rCN/arrays.xml@ res/values-zh-rCN/strings.xml@ res/values-zh-rTW/arrays.xml@ res/values-zh-rTW/strings.xml@ res/values-zu/arrays.xml@ res/values-zu/strings.xml@ res/values/arrays.xml@ res/values/colors.xml@ res/values/dimens.xml@ res/values/strings.xml@ res/values/styles.xml@ src/com/android/calendar/AbstractCalendarActivity.java@ src/com/android/calendar/CalendarBackupAgent.java@ src/com/android/calendar/CalendarEventModel.java@ src/com/android/calendar/DayView.java@ src/com/android/calendar/EventInfoFragment.java@ src/com/android/calendar/GeneralPreferences.java@ src/com/android/calendar/Utils.java@ src/com/android/calendar/alerts/AlarmManagerInterface.java@ src/com/android/calendar/alerts/AlertService.java@ src/com/android/calendar/alerts/NotificationMgr.java@ src/com/android/calendar/event/EditEventFragment.java@ src/com/android/calendar/event/EditEventView.java@ src/com/android/calendar/month/MonthByWeekAdapter.java@ src/com/android/calendar/month/MonthByWeekFragment.java@ src/com/android/calendar/recurrencepicker/RecurrencePickerDialog.java],3c18010845f9dc2318309826aa667607179d1775,[src/com/android/calendar/EventInfoFragment.java],51e2a1e890cfac5e57924eab29832d1de092e908,0
58fd430940fc630f04fc73f00e6c055f597bcbb7,false,[],cda560cc05858620d15a36ad06ee367ef558ebe6,[.gitignore@ Android.mk@ AndroidManifest.xml@ assets/backward@ assets/zone.tab@ proguard.flags@ project.properties@ res/color/recurrence_bubble_text_color.xml@ res/color/recurrence_spinner_text_color.xml@ res/drawable-hdpi/ic_menu_today_no_date_holo_light.png@ res/drawable-hdpi/ic_menu_today_no_date_holo_light_disabled.png@ res/drawable-hdpi/ic_recurrence_bubble_disabled.png@ res/drawable-hdpi/ic_recurrence_bubble_fill.png@ res/drawable-hdpi/ic_recurrence_bubble_outline.png@ res/drawable-hdpi/ic_recurrence_bubble_outline_disabled.png@ res/drawable-hdpi/mini_calendar.png@ res/drawable-hdpi/switch_thumb_activated_holo_light.9.png@ res/drawable-hdpi/switch_thumb_disabled_holo_light.9.png@ res/drawable-hdpi/switch_thumb_holo_light_v2.9.png@ res/drawable-hdpi/switch_thumb_pressed_holo_light.9.png@ res/drawable-hdpi/toggle_underline_activated.9.png@ res/drawable-hdpi/toggle_underline_normal.9.png@ res/drawable-mdpi/ic_menu_today_no_date_holo_light.png@ res/drawable-mdpi/ic_menu_today_no_date_holo_light_disabled.png@ res/drawable-mdpi/ic_recurrence_bubble_disabled.png@ res/drawable-mdpi/ic_recurrence_bubble_fill.png@ res/drawable-mdpi/ic_recurrence_bubble_outline.png@ res/drawable-mdpi/ic_recurrence_bubble_outline_disabled.png@ res/drawable-mdpi/mini_calendar.png@ res/drawable-mdpi/switch_thumb_activated_holo_light.9.png@ res/drawable-mdpi/switch_thumb_disabled_holo_light.9.png@ res/drawable-mdpi/switch_thumb_holo_light_v2.9.png@ res/drawable-mdpi/switch_thumb_pressed_holo_light.9.png@ res/drawable-mdpi/toggle_underline_activated.9.png@ res/drawable-mdpi/toggle_underline_normal.9.png@ res/drawable-xhdpi/ic_menu_today_no_date_holo_light.png@ res/drawable-xhdpi/ic_menu_today_no_date_holo_light_disabled.png@ res/drawable-xhdpi/ic_recurrence_bubble_disabled.png@ res/drawable-xhdpi/ic_recurrence_bubble_fill.png@ res/drawable-xhdpi/ic_recurrence_bubble_outline.png@ res/drawable-xhdpi/ic_recurrence_bubble_outline_disabled.png@ res/drawable-xhdpi/mini_calendar.png@ res/drawable-xhdpi/switch_thumb_activated_holo_light.9.png@ res/drawable-xhdpi/switch_thumb_disabled_holo_light.9.png@ res/drawable-xhdpi/switch_thumb_holo_light_v2.9.png@ res/drawable-xhdpi/switch_thumb_pressed_holo_light.9.png@ res/drawable-xhdpi/toggle_underline_activated.9.png@ res/drawable-xhdpi/toggle_underline_normal.9.png@ res/drawable/ic_launch_date_picker.xml@ res/drawable/recurrence_bubble_fill.xml@ res/drawable/switch_thumb.xml@ res/layout-sw600dp/edit_event_1.xml@ res/layout/calendar_sync_item.xml@ res/layout/edit_event_2.xml@ res/layout/mini_calendar_item.xml@ res/layout/recurrencepicker.xml@ res/layout/recurrencepicker_end_text.xml@ res/layout/recurrencepicker_freq_item.xml@ res/menu/event_info_title_bar.xml@ res/values-af/arrays.xml@ res/values-af/strings.xml@ res/values-am/arrays.xml@ res/values-am/strings.xml@ res/values-ar/arrays.xml@ res/values-ar/strings.xml@ res/values-be/arrays.xml@ res/values-be/strings.xml@ res/values-bg/arrays.xml@ res/values-bg/strings.xml@ res/values-ca/arrays.xml@ res/values-ca/strings.xml@ res/values-cs/arrays.xml@ res/values-cs/strings.xml@ res/values-da/arrays.xml@ res/values-da/strings.xml@ res/values-de/arrays.xml@ res/values-de/strings.xml@ res/values-el/arrays.xml@ res/values-el/strings.xml@ res/values-en-rGB/arrays.xml@ res/values-en-rGB/strings.xml@ res/values-es-rUS/arrays.xml@ res/values-es-rUS/strings.xml@ res/values-es/arrays.xml@ res/values-es/strings.xml@ res/values-et/arrays.xml@ res/values-et/strings.xml@ res/values-fa/arrays.xml@ res/values-fa/strings.xml@ res/values-fi/arrays.xml@ res/values-fi/strings.xml@ res/values-fr/arrays.xml@ res/values-fr/strings.xml@ res/values-hi/arrays.xml@ res/values-hi/strings.xml@ res/values-hr/arrays.xml@ res/values-hr/strings.xml@ res/values-hu/arrays.xml@ res/values-hu/strings.xml@ res/values-in/arrays.xml@ res/values-in/strings.xml@ res/values-it/arrays.xml@ res/values-it/strings.xml@ res/values-iw/arrays.xml@ res/values-iw/strings.xml@ res/values-ja/arrays.xml@ res/values-ja/strings.xml@ res/values-ko/arrays.xml@ res/values-ko/strings.xml@ res/values-land/dimens.xml@ res/values-lt/arrays.xml@ res/values-lt/strings.xml@ res/values-lv/arrays.xml@ res/values-lv/strings.xml@ res/values-ms/arrays.xml@ res/values-ms/strings.xml@ res/values-nb/arrays.xml@ res/values-nb/strings.xml@ res/values-nl/arrays.xml@ res/values-nl/strings.xml@ res/values-pl/arrays.xml@ res/values-pl/strings.xml@ res/values-pt-rPT/arrays.xml@ res/values-pt-rPT/strings.xml@ res/values-pt/arrays.xml@ res/values-pt/strings.xml@ res/values-ro/arrays.xml@ res/values-ro/strings.xml@ res/values-ru/arrays.xml@ res/values-ru/strings.xml@ res/values-sk/arrays.xml@ res/values-sk/strings.xml@ res/values-sl/arrays.xml@ res/values-sl/strings.xml@ res/values-sr/arrays.xml@ res/values-sr/strings.xml@ res/values-sv/arrays.xml@ res/values-sv/strings.xml@ res/values-sw/arrays.xml@ res/values-sw/strings.xml@ res/values-sw600dp-land/dimens.xml@ res/values-sw600dp/dimens.xml@ res/values-th/arrays.xml@ res/values-th/strings.xml@ res/values-tl/arrays.xml@ res/values-tl/strings.xml@ res/values-tr/arrays.xml@ res/values-tr/strings.xml@ res/values-uk/arrays.xml@ res/values-uk/strings.xml@ res/values-vi/arrays.xml@ res/values-vi/strings.xml@ res/values-w600dp-h879dp/dimens.xml@ res/values-zh-rCN/arrays.xml@ res/values-zh-rCN/strings.xml@ res/values-zh-rTW/arrays.xml@ res/values-zh-rTW/strings.xml@ res/values-zu/arrays.xml@ res/values-zu/strings.xml@ res/values/arrays.xml@ res/values/colors.xml@ res/values/dimens.xml@ res/values/strings.xml@ res/values/styles.xml@ res/xml/general_preferences.xml@ src/com/android/calendar/AbstractCalendarActivity.java@ src/com/android/calendar/CalendarBackupAgent.java@ src/com/android/calendar/CalendarEventModel.java@ src/com/android/calendar/DayView.java@ src/com/android/calendar/EventInfoFragment.java@ src/com/android/calendar/EventRecurrenceFormatter.java@ src/com/android/calendar/ExtensionsFactory.java@ src/com/android/calendar/GeneralPreferences.java@ src/com/android/calendar/OtherPreferences.java@ src/com/android/calendar/TimezoneAdapter.java@ src/com/android/calendar/Utils.java@ src/com/android/calendar/alerts/AlarmManagerInterface.java@ src/com/android/calendar/alerts/AlertService.java@ src/com/android/calendar/alerts/NotificationMgr.java@ src/com/android/calendar/event/EditEventActivity.java@ src/com/android/calendar/event/EditEventFragment.java@ src/com/android/calendar/event/EditEventHelper.java@ src/com/android/calendar/event/EditEventView.java@ src/com/android/calendar/event/EventColorPickerDialog.java@ src/com/android/calendar/month/MonthByWeekAdapter.java@ src/com/android/calendar/month/MonthByWeekFragment.java@ src/com/android/calendar/recurrencepicker/LinearLayoutWithMaxWidth.java@ src/com/android/calendar/recurrencepicker/RecurrencePickerDialog.java@ src/com/android/calendar/recurrencepicker/WeekButton.java@ src/com/android/calendar/selectcalendars/SelectCalendarsSimpleAdapter.java@ src/com/android/calendar/selectcalendars/SelectCalendarsSyncAdapter.java@ src/com/android/calendar/selectcalendars/SelectSyncedCalendarsMultiAccountAdapter.java@ tests/src/com/android/calendar/UtilsTests.java@ tests/src/com/android/calendar/alerts/AlertServiceTest.java@ tests/src/com/android/calendar/event/EditEventHelperTest.java@ tests/src/com/android/calendar/widget/CalendarAppWidgetServiceTest.java],ff1925aa9dadedf0364080e5c4e642029f052d06,[],3956fd7eae7a14ecbd67094219ef8adffe4a424f,0
c69517a077b91f6f0e30a8c2559a39d1e00bcdd3,false,[],bb6a4716b368d37a40f07d9ba85bb976713524ea,[Android.mk@ AndroidManifest.xml@ res/drawable-hdpi/ic_menu_today_no_date_holo_light.png@ res/drawable-mdpi/ic_menu_today_no_date_holo_light.png@ res/drawable-sw600dp/ic_menu_today_no_date_holo_light.png@ res/drawable-xhdpi/ic_menu_today_no_date_holo_light.png@ res/values-ca/arrays.xml@ res/values-fa/arrays.xml@ res/values-fa/strings.xml@ res/values-nb/arrays.xml@ res/values-sw/arrays.xml@ res/values-sw/strings.xml@ src/com/android/calendar/AllInOneActivity.java@ src/com/android/calendar/Event.java@ src/com/android/calendar/EventInfoFragment.java@ src/com/android/calendar/Utils.java@ src/com/android/calendar/agenda/AgendaByDayAdapter.java@ src/com/android/calendar/agenda/AgendaFragment.java@ src/com/android/calendar/agenda/AgendaListView.java@ src/com/android/calendar/agenda/AgendaWindowAdapter.java@ src/com/android/calendar/alerts/AlertActivity.java@ src/com/android/calendar/alerts/AlertReceiver.java@ src/com/android/calendar/alerts/DismissAlarmsService.java@ src/com/android/calendar/event/EditEventHelper.java@ src/com/android/calendar/widget/CalendarAppWidgetService.java@ tests/src/com/android/calendar/event/EditEventHelperTest.java],9824caf922a83948142a1327697b8d713646f914,[res/values-fa/strings.xml@ res/values-sw/strings.xml],2f94e35f56edff6b364dde218fc08d4936410ac9,0
79173d9f1210bfe8ef29f0c00b4d83aa45162271,false,[],93eb2b110c3e0c3cc2d28262fe42e7a887ed3c9a,[res/values-cs/strings.xml@ res/values-de/strings.xml@ res/values-ms/strings.xml@ res/values-zh-rCN/strings.xml],ee4b2bddfae587dcb6bde48113738e280822dc9b,[res/values-cs/strings.xml@ res/values-de/strings.xml@ res/values-ms/strings.xml@ res/values-zh-rCN/strings.xml],371823baa3ea4c3aa254b20aebb43cd8d14fde29,0
1d68b3cdddfafcd79657379d668fc38b04f20c2b,false,[],3ecf5f9a3cfadd9fcf5599340a15b2892f2b2c04,[res/values-af/strings.xml@ res/values-am/strings.xml@ res/values-ar/strings.xml@ res/values-be/strings.xml@ res/values-bg/strings.xml@ res/values-ca/strings.xml@ res/values-cs/strings.xml@ res/values-da/strings.xml@ res/values-de/strings.xml@ res/values-el/strings.xml@ res/values-en-rGB/strings.xml@ res/values-es-rUS/strings.xml@ res/values-es/strings.xml@ res/values-et/strings.xml@ res/values-fa/strings.xml@ res/values-fi/strings.xml@ res/values-fr/strings.xml@ res/values-hi/strings.xml@ res/values-hr/strings.xml@ res/values-hu/strings.xml@ res/values-in/strings.xml@ res/values-it/strings.xml@ res/values-iw/strings.xml@ res/values-ja/strings.xml@ res/values-ko/strings.xml@ res/values-lt/strings.xml@ res/values-lv/strings.xml@ res/values-ms/strings.xml@ res/values-nb/strings.xml@ res/values-nl/strings.xml@ res/values-pl/strings.xml@ res/values-pt-rPT/strings.xml@ res/values-pt/strings.xml@ res/values-ro/strings.xml@ res/values-ru/strings.xml@ res/values-sk/strings.xml@ res/values-sl/strings.xml@ res/values-sr/strings.xml@ res/values-sv/strings.xml@ res/values-sw/strings.xml@ res/values-th/strings.xml@ res/values-tl/strings.xml@ res/values-tr/strings.xml@ res/values-uk/strings.xml@ res/values-vi/strings.xml@ res/values-zh-rCN/strings.xml@ res/values-zh-rTW/strings.xml@ res/values-zu/strings.xml],e04875e705614b4a1c4c03691d7a3f069e4327d2,[src/com/android/calendar/DayView.java],30542e0ae45420eca97704c652c522e30583d2db,0
3e722154fa9fece6e2811278e32e8059feb0ddc4,false,[],fdc576f602ee71ff1c9a5788c4249a714af174c0,[AndroidManifest.xml@ res/drawable-mdpi/snooze.png@ res/layout-sw600dp/agenda_item.xml@ res/layout/agenda_item.xml@ res/layout/notification.xml@ res/values-da/strings.xml@ res/values-fr/strings.xml@ res/values-in/strings.xml@ res/values/strings.xml@ src/com/android/calendar/ColorChipView.java@ src/com/android/calendar/alerts/AlertActivity.java@ src/com/android/calendar/alerts/AlertReceiver.java@ src/com/android/calendar/alerts/AlertService.java@ src/com/android/calendar/alerts/AlertUtils.java@ src/com/android/calendar/alerts/DismissAlarmsService.java@ src/com/android/calendar/alerts/DismissAllAlarmsService.java@ src/com/android/calendar/alerts/SnoozeAlarmsService.java],1dc8cf9a8adf28500853772ed90c6ac013287598,[],4526bd2efae219f8470d444e18c7783e90773adf,0
5ef8101414f923a8fc9244d1b1b529b48d6d1276,true,[src/com/android/calendar/event/EditEventHelper.java],ab6b7abeb8ac2abdebfcffa4ee3a77720a65557d,[AndroidManifest.xml@ res/drawable-hdpi/allday_expand_button.png@ res/drawable-hdpi/app_icon.png@ res/drawable-hdpi/btn_default_pressed_holo_light.9.png@ res/drawable-hdpi/calendar_background_month_holo_light.png@ res/drawable-mdpi/allday_expand_button.png@ res/drawable-mdpi/app_icon.png@ res/drawable-mdpi/btn_default_pressed_holo_light.9.png@ res/drawable-mdpi/calendar_background_month_holo_light.png@ res/drawable/calendar_widget_preview.png@ res/layout-land/all_in_one.xml@ res/layout-land/search.xml@ res/layout-large-port/edit_event.xml@ res/layout-xlarge-land/all_in_one.xml@ res/layout-xlarge-land/search.xml@ res/layout-xlarge/all_in_one.xml@ res/layout-xlarge/edit_event.xml@ res/layout-xlarge/edit_event_1.xml@ res/layout-xlarge/edit_event_2.xml@ res/layout-xlarge/edit_event_single_column.xml@ res/layout-xlarge/event_info.xml@ res/layout-xlarge/full_month_by_week.xml@ res/layout/agenda_fragment.xml@ res/layout/all_in_one.xml@ res/layout/calendars_dropdown_item.xml@ res/layout/calendars_item.xml@ res/layout/date_range_title.xml@ res/layout/day_activity.xml@ res/layout/edit_event.xml@ res/layout/edit_event_1.xml@ res/layout/edit_event_2.xml@ res/layout/edit_reminder_item.xml@ res/layout/event_info.xml@ res/layout/event_info_activity.xml@ res/layout/full_month_by_week.xml@ res/layout/search.xml@ res/menu-large-port/all_in_one_title_bar.xml@ res/menu-xlarge-port/all_in_one_title_bar.xml@ res/menu/event_info_title_bar.xml@ res/values-af/arrays.xml@ res/values-af/strings.xml@ res/values-am/arrays.xml@ res/values-am/strings.xml@ res/values-ar/arrays.xml@ res/values-ar/strings.xml@ res/values-bg/arrays.xml@ res/values-bg/strings.xml@ res/values-ca/arrays.xml@ res/values-ca/strings.xml@ res/values-cs/arrays.xml@ res/values-cs/strings.xml@ res/values-da/arrays.xml@ res/values-da/strings.xml@ res/values-de/arrays.xml@ res/values-de/strings.xml@ res/values-el/arrays.xml@ res/values-el/strings.xml@ res/values-en-rGB/arrays.xml@ res/values-en-rGB/strings.xml@ res/values-es-rUS/arrays.xml@ res/values-es-rUS/strings.xml@ res/values-es/arrays.xml@ res/values-es/strings.xml@ res/values-fa/arrays.xml@ res/values-fa/strings.xml@ res/values-fi/arrays.xml@ res/values-fi/strings.xml@ res/values-fr/arrays.xml@ res/values-fr/strings.xml@ res/values-hr/arrays.xml@ res/values-hr/strings.xml@ res/values-hu/arrays.xml@ res/values-hu/strings.xml@ res/values-in/arrays.xml@ res/values-in/strings.xml@ res/values-it/arrays.xml@ res/values-it/strings.xml@ res/values-iw/arrays.xml@ res/values-iw/strings.xml@ res/values-ja/arrays.xml@ res/values-ja/strings.xml@ res/values-ko/arrays.xml@ res/values-ko/strings.xml@ res/values-large/dimens.xml@ res/values-lt/arrays.xml@ res/values-lt/strings.xml@ res/values-lv/arrays.xml@ res/values-lv/strings.xml@ res/values-mcc262/strings.xml@ res/values-ms/arrays.xml@ res/values-ms/strings.xml@ res/values-nb/arrays.xml@ res/values-nb/strings.xml@ res/values-nl/arrays.xml@ res/values-nl/strings.xml@ res/values-pl/arrays.xml@ res/values-pl/strings.xml@ res/values-pt-rPT/arrays.xml@ res/values-pt-rPT/strings.xml@ res/values-pt/arrays.xml@ res/values-pt/strings.xml@ res/values-ro/arrays.xml@ res/values-ro/strings.xml@ res/values-ru/arrays.xml@ res/values-ru/strings.xml@ res/values-sk/arrays.xml@ res/values-sk/strings.xml@ res/values-sl/arrays.xml@ res/values-sl/strings.xml@ res/values-sr/arrays.xml@ res/values-sr/strings.xml@ res/values-sv/arrays.xml@ res/values-sv/strings.xml@ res/values-sw/arrays.xml@ res/values-sw/strings.xml@ res/values-th/arrays.xml@ res/values-th/strings.xml@ res/values-tl/arrays.xml@ res/values-tl/strings.xml@ res/values-tr/arrays.xml@ res/values-tr/strings.xml@ res/values-uk/arrays.xml@ res/values-uk/strings.xml@ res/values-vi/arrays.xml@ res/values-vi/strings.xml@ res/values-xlarge/config.xml@ res/values-xlarge/integers.xml@ res/values-zh-rCN/arrays.xml@ res/values-zh-rCN/strings.xml@ res/values-zh-rTW/arrays.xml@ res/values-zh-rTW/strings.xml@ res/values-zu/arrays.xml@ res/values-zu/strings.xml@ res/values/arrays.xml@ res/values/colors.xml@ res/values/config.xml@ res/values/dimens.xml@ res/values/integers.xml@ res/values/strings.xml@ res/values/styles.xml@ res/xml/other_preferences.xml@ src/com/android/calendar/AllInOneActivity.java@ src/com/android/calendar/CalendarController.java@ src/com/android/calendar/CalendarEventModel.java@ src/com/android/calendar/CalendarSettingsActivity.java@ src/com/android/calendar/DayView.java@ src/com/android/calendar/DeleteEventHelper.java@ src/com/android/calendar/Event.java@ src/com/android/calendar/EventInfoActivity.java@ src/com/android/calendar/EventInfoFragment.java@ src/com/android/calendar/GeneralPreferences.java@ src/com/android/calendar/GoogleCalendarUriIntentFilter.java@ src/com/android/calendar/OtherPreferences.java@ src/com/android/calendar/SearchActivity.java@ src/com/android/calendar/StickyHeaderListView.java@ src/com/android/calendar/Utils.java@ src/com/android/calendar/agenda/AgendaByDayAdapter.java@ src/com/android/calendar/agenda/AgendaFragment.java@ src/com/android/calendar/agenda/AgendaListView.java@ src/com/android/calendar/agenda/AgendaWindowAdapter.java@ src/com/android/calendar/alerts/AlertActivity.java@ src/com/android/calendar/event/AttendeesView.java@ src/com/android/calendar/event/EditEventActivity.java@ src/com/android/calendar/event/EditEventFragment.java@ src/com/android/calendar/event/EditEventHelper.java@ src/com/android/calendar/event/EditEventView.java@ src/com/android/calendar/event/EventViewUtils.java@ src/com/android/calendar/month/MonthByWeekAdapter.java@ src/com/android/calendar/month/MonthByWeekFragment.java@ src/com/android/calendar/month/MonthWeekEventsView.java@ src/com/android/calendar/selectcalendars/SelectCalendarsFragment.java@ src/com/android/calendar/selectcalendars/SelectCalendarsSimpleAdapter.java@ src/com/android/calendar/selectcalendars/SelectCalendarsSyncAdapter.java@ src/com/android/calendar/selectcalendars/SelectCalendarsSyncFragment.java@ src/com/android/calendar/widget/CalendarAppWidgetService.java@ tests/src/com/android/calendar/CalendarTests.java@ tests/src/com/android/calendar/UtilsTests.java@ tests/src/com/android/calendar/event/EditEventHelperTest.java@ tests/src/com/android/calendar/widget/CalendarAppWidgetServiceTest.java],ebe3b2a4fe9178aeaa5845d97c10149cfe35a1ed,[res/values-mcc262/strings.xml@ res/values/strings.xml@ src/com/android/calendar/event/EditEventHelper.java@ src/com/android/calendar/event/EditEventView.java],708f63697635b4d448b4ad98274bcb140e026c67,1
047079a8bbb68e6589c7c1d1daa5b25ac92cfcd0,false,[],034df7f49cf633261fc57958bb3ae92a291997c5,[],cea2dda052362935f77260e79767f079e5cc60df,[res/values/strings.xml@ src/com/android/calendar/alerts/AlertReceiver.java],7aa63ad56e2ccb3dffe7de2dd311c6418b49ddf7,0
604b2d999d1064f8549f86cb910582df2310a01a,false,[],8031353c66f2f4c823d1f7549bbcc2caba4e1765,[res/layout/month_activity.xml@ res/values-da/strings.xml@ res/values/colors.xml@ src/com/android/calendar/CalendarView.java@ src/com/android/calendar/EditEvent.java@ src/com/android/calendar/Event.java@ src/com/android/calendar/EventInfoActivity.java@ src/com/android/calendar/MonthView.java],78d6be93b4f83cc3adb550b2a84f8917271f95c6,[src/com/android/calendar/AgendaActivity.java@ src/com/android/calendar/DayActivity.java@ src/com/android/calendar/MonthActivity.java@ src/com/android/calendar/WeekActivity.java],19dea36a98eba7265d7ac55bca65aacecc4890e8,0
4dcea88ce1c4653aaa1569d9d3bcb80b88c9de68,true,[src/com/android/calendar/EventInfoActivity.java],ec5daf689279afeccad68f211e37994d64d4fb53,[Android.mk@ AndroidManifest.xml@ CleanSpec.mk@ res/drawable-hdpi/box_appointment_normal.9.png@ res/drawable-hdpi/box_appointment_pressed.9.png@ res/drawable-hdpi/box_appointment_selected.9.png@ res/drawable-hdpi/dna_1_of_6.png@ res/drawable-hdpi/dna_2345_of_6.png@ res/drawable-hdpi/dna_6_of_6.png@ res/drawable-hdpi/dna_empty.png@ res/drawable-hdpi/event_dot.png@ res/drawable-hdpi/im_avatar_picture_border_normal.9.png@ res/drawable-hdpi/month_view_background.9.png@ res/drawable-hdpi/month_view_today_background.9.png@ res/drawable-hdpi/widget_off.png@ res/drawable-hdpi/widget_show.png@ res/drawable-hdpi/widget_sync.png@ res/drawable-land-hdpi/dna_1_of_6.png@ res/drawable-land-hdpi/dna_2345_of_6.png@ res/drawable-land-hdpi/dna_6_of_6.png@ res/drawable-land-hdpi/dna_empty.png@ res/drawable-land-mdpi/dna_1_of_6.png@ res/drawable-land-mdpi/dna_2345_of_6.png@ res/drawable-land-mdpi/dna_6_of_6.png@ res/drawable-land-mdpi/dna_empty.png@ res/drawable-mdpi/app_icon.png@ res/drawable-mdpi/box_appointment_normal.9.png@ res/drawable-mdpi/box_appointment_pressed.9.png@ res/drawable-mdpi/box_appointment_selected.9.png@ res/drawable-mdpi/dna_1_of_6.png@ res/drawable-mdpi/dna_2345_of_6.png@ res/drawable-mdpi/dna_6_of_6.png@ res/drawable-mdpi/dna_empty.png@ res/drawable-mdpi/event_dot.png@ res/drawable-mdpi/im_avatar_picture_border_normal.9.png@ res/drawable-mdpi/month_view_background.9.png@ res/drawable-mdpi/month_view_today_background.9.png@ res/drawable-mdpi/widget_off.png@ res/drawable-mdpi/widget_show.png@ res/drawable-mdpi/widget_sync.png@ res/drawable/box_appointment.xml@ res/layout/account_item.xml@ res/layout/agenda_activity.xml@ res/layout/agenda_day.xml@ res/layout/agenda_header_footer.xml@ res/layout/agenda_item.xml@ res/layout/agenda_reminder_item.xml@ res/layout/alert_activity.xml@ res/layout/alert_item.xml@ res/layout/alert_toast.xml@ res/layout/bubble_event.xml@ res/layout/calendar_item.xml@ res/layout/calendars_activity.xml@ res/layout/calendars_dropdown_item.xml@ res/layout/calendars_item.xml@ res/layout/contact_item.xml@ res/layout/day_activity.xml@ res/layout/edit_event.xml@ res/layout/edit_reminder_item.xml@ res/layout/event_info_activity.xml@ res/layout/ics_import_activity.xml@ res/layout/month_activity.xml@ res/layout/month_bubble.xml@ res/layout/week_activity.xml@ res/values-cs/arrays.xml@ res/values-cs/strings.xml@ res/values-da/arrays.xml@ res/values-da/strings.xml@ res/values-de/arrays.xml@ res/values-de/strings.xml@ res/values-el/arrays.xml@ res/values-el/strings.xml@ res/values-es-rUS/arrays.xml@ res/values-es-rUS/strings.xml@ res/values-es/arrays.xml@ res/values-es/strings.xml@ res/values-fr/arrays.xml@ res/values-fr/strings.xml@ res/values-it/arrays.xml@ res/values-it/strings.xml@ res/values-ja/arrays.xml@ res/values-ja/colors.xml@ res/values-ja/strings.xml@ res/values-ko/arrays.xml@ res/values-ko/strings.xml@ res/values-nb/arrays.xml@ res/values-nb/strings.xml@ res/values-nl/arrays.xml@ res/values-nl/strings.xml@ res/values-pl/arrays.xml@ res/values-pl/strings.xml@ res/values-pt-rPT/arrays.xml@ res/values-pt-rPT/strings.xml@ res/values-pt/arrays.xml@ res/values-pt/strings.xml@ res/values-ru/arrays.xml@ res/values-ru/strings.xml@ res/values-sv/arrays.xml@ res/values-sv/strings.xml@ res/values-tr/arrays.xml@ res/values-tr/strings.xml@ res/values-zh-rCN/arrays.xml@ res/values-zh-rCN/strings.xml@ res/values-zh-rTW/arrays.xml@ res/values-zh-rTW/strings.xml@ res/values/arrays.xml@ res/values/attrs.xml@ res/values/colors.xml@ res/values/donottranslate.xml@ res/values/strings.xml@ res/values/styles.xml@ res/xml/preferences.xml@ src/com/android/calendar/AgendaActivity.java@ src/com/android/calendar/AgendaListView.java@ src/com/android/calendar/AgendaWindowAdapter.java@ src/com/android/calendar/AlertActivity.java@ src/com/android/calendar/AlertReceiver.java@ src/com/android/calendar/AlertService.java@ src/com/android/calendar/CalendarActivity.java@ src/com/android/calendar/CalendarApplication.java@ src/com/android/calendar/CalendarPreferenceActivity.java@ src/com/android/calendar/CalendarView.java@ src/com/android/calendar/ContactsAsyncHelper.java@ src/com/android/calendar/DayActivity.java@ src/com/android/calendar/DayOfMonthCursor.java@ src/com/android/calendar/DeleteEventHelper.java@ src/com/android/calendar/DismissAllAlarmsService.java@ src/com/android/calendar/EditEvent.java@ src/com/android/calendar/Event.java@ src/com/android/calendar/EventGeometry.java@ src/com/android/calendar/EventInfoActivity.java@ src/com/android/calendar/EventLoader.java@ src/com/android/calendar/EventRecurrenceFormatter.java@ src/com/android/calendar/GoogleCalendarUriIntentFilter.java@ src/com/android/calendar/IcsImportActivity.java@ src/com/android/calendar/LaunchActivity.java@ src/com/android/calendar/MenuHelper.java@ src/com/android/calendar/MonthActivity.java@ src/com/android/calendar/MonthView.java@ src/com/android/calendar/MultiStateButton.java@ src/com/android/calendar/SelectCalendarsActivity.java@ src/com/android/calendar/SelectCalendarsAdapter.java@ src/com/android/calendar/Utils.java@ src/com/android/calendar/WeekActivity.java@ tests/AndroidManifest.xml@ tests/src/com/android/calendar/CalendarLaunchPerformance.java@ tests/src/com/android/calendar/UtilsTests.java],9a319f5523517e9379b45f14692e7fc8f85c145f,[src/com/android/calendar/EventInfoActivity.java],4ce500bd7d08eac3f05dfd50bce51e620fa9f08e,1
6afbaa2a78fde3cba4a5f8f964be92abb7527416,false,[],768966bb00a2806d59323d4ec508929a496c062b,[res/values-af/strings.xml@ res/values-am/strings.xml@ res/values-ar/strings.xml@ res/values-be/strings.xml@ res/values-bg/strings.xml@ res/values-ca/strings.xml@ res/values-cs/strings.xml@ res/values-da/strings.xml@ res/values-de/strings.xml@ res/values-el/strings.xml@ res/values-en-rGB/strings.xml@ res/values-es-rUS/strings.xml@ res/values-es/strings.xml@ res/values-et/strings.xml@ res/values-fa/arrays.xml@ res/values-fa/strings.xml@ res/values-fi/strings.xml@ res/values-fr/strings.xml@ res/values-hi/strings.xml@ res/values-hr/strings.xml@ res/values-hu/strings.xml@ res/values-in/strings.xml@ res/values-it/strings.xml@ res/values-iw/strings.xml@ res/values-ja/strings.xml@ res/values-ko/strings.xml@ res/values-lt/strings.xml@ res/values-lv/strings.xml@ res/values-ms/strings.xml@ res/values-nb/arrays.xml@ res/values-nb/strings.xml@ res/values-nl/strings.xml@ res/values-pl/strings.xml@ res/values-pt-rPT/strings.xml@ res/values-pt/strings.xml@ res/values-ro/strings.xml@ res/values-ru/strings.xml@ res/values-sk/strings.xml@ res/values-sl/strings.xml@ res/values-sr/strings.xml@ res/values-sv/strings.xml@ res/values-sw/arrays.xml@ res/values-sw/strings.xml@ res/values-th/strings.xml@ res/values-tl/strings.xml@ res/values-tr/strings.xml@ res/values-uk/strings.xml@ res/values-vi/strings.xml@ res/values-zh-rCN/strings.xml@ res/values-zh-rTW/strings.xml@ res/values-zu/strings.xml],9c8ae9e8c80364efe2014f09c530a11fed606015,[res/values-af/strings.xml@ res/values-am/strings.xml@ res/values-ar/strings.xml@ res/values-be/strings.xml@ res/values-bg/strings.xml@ res/values-ca/strings.xml@ res/values-cs/strings.xml@ res/values-da/strings.xml@ res/values-de/strings.xml@ res/values-el/strings.xml@ res/values-en-rGB/strings.xml@ res/values-es-rUS/strings.xml@ res/values-es/strings.xml@ res/values-et/strings.xml@ res/values-fa/strings.xml@ res/values-fi/strings.xml@ res/values-fr/strings.xml@ res/values-hi/strings.xml@ res/values-hr/strings.xml@ res/values-hu/strings.xml@ res/values-in/strings.xml@ res/values-it/strings.xml@ res/values-iw/strings.xml@ res/values-ja/strings.xml@ res/values-ko/strings.xml@ res/values-lt/strings.xml@ res/values-lv/strings.xml@ res/values-ms/strings.xml@ res/values-nb/strings.xml@ res/values-nl/strings.xml@ res/values-pl/strings.xml@ res/values-pt-rPT/strings.xml@ res/values-pt/strings.xml@ res/values-ro/strings.xml@ res/values-ru/strings.xml@ res/values-sk/strings.xml@ res/values-sl/strings.xml@ res/values-sr/strings.xml@ res/values-sv/strings.xml@ res/values-sw/strings.xml@ res/values-th/strings.xml@ res/values-tl/strings.xml@ res/values-tr/strings.xml@ res/values-uk/strings.xml@ res/values-vi/strings.xml@ res/values-zh-rCN/strings.xml@ res/values-zh-rTW/strings.xml@ res/values-zu/strings.xml],41526e9ba996f995b319e813374a14ed2c2c64ce,0
00c94183f8a7016df27637f7262b8ff324eed7c3,false,[],f7fd58d33335766532a12b7f4ec4379da6e1cc16,[res/values-cs/arrays.xml@ res/values-cs/strings.xml@ res/values-da/arrays.xml@ res/values-da/strings.xml@ res/values-de/arrays.xml@ res/values-de/strings.xml@ res/values-el/arrays.xml@ res/values-el/strings.xml@ res/values-es-rUS/arrays.xml@ res/values-es-rUS/strings.xml@ res/values-es/arrays.xml@ res/values-es/strings.xml@ res/values-fr/arrays.xml@ res/values-fr/strings.xml@ res/values-it/arrays.xml@ res/values-it/strings.xml@ res/values-ja/arrays.xml@ res/values-ja/strings.xml@ res/values-ko/arrays.xml@ res/values-ko/strings.xml@ res/values-nb/arrays.xml@ res/values-nb/strings.xml@ res/values-nl/arrays.xml@ res/values-nl/strings.xml@ res/values-pl/arrays.xml@ res/values-pl/strings.xml@ res/values-pt-rPT/arrays.xml@ res/values-pt-rPT/strings.xml@ res/values-pt/arrays.xml@ res/values-pt/strings.xml@ res/values-ru/arrays.xml@ res/values-ru/strings.xml@ res/values-sv/arrays.xml@ res/values-sv/strings.xml@ res/values-tr/arrays.xml@ res/values-tr/strings.xml@ res/values-zh-rCN/arrays.xml@ res/values-zh-rCN/strings.xml@ res/values-zh-rTW/arrays.xml@ res/values-zh-rTW/strings.xml],67b89930664199491b2fa219d5930d4df4ccf7c7,[src/com/android/calendar/EditEvent.java],4e47a59a23804d3e502d050a17fd547e17e8669c,0
23d27a9df05a4d4455628b5c2fd8f1e0850fd19e,false,[],e59573971d2bce59154af899ec3a7ae04d62f920,[],839fb73a62d44c2cffcbe9af3c9f0e7e99e77d8d,[src/com/android/calendar/alerts/AlertUtils.java],b9f02559f998015b68ae40bd1e0c025c5af64077,0
4091aa502ef2b67ebca82e3987f3270d4f19e3c2,false,[],b08dff3c1f5f24bea8cbaa1360f28dc6146f77bf,[],e1a41eaa5dd990db543efeca525e9727064d687a,[res/menu-large-port/all_in_one_title_bar.xml@ src/com/android/calendar/AllInOneActivity.java],e519670aecea211e58eef01d6a38de47577fefaf,0
3b0c0b8dd178b973929b1ca511357b1ae90a61b6,false,[],c9cc098989240a0429ef082d0e0f236b78734281,[],ca3f8e032754350e8e6dcf0dd9657376b99e57de,[res/values-af/arrays.xml@ res/values-af/strings.xml@ res/values-am/arrays.xml@ res/values-am/strings.xml@ res/values-ar/arrays.xml@ res/values-bg/arrays.xml@ res/values-ca/arrays.xml@ res/values-cs/arrays.xml@ res/values-da/arrays.xml@ res/values-de/arrays.xml@ res/values-el/arrays.xml@ res/values-en-rGB/arrays.xml@ res/values-es-rUS/arrays.xml@ res/values-es/arrays.xml@ res/values-fa/arrays.xml@ res/values-fi/arrays.xml@ res/values-fr/arrays.xml@ res/values-hr/arrays.xml@ res/values-hu/arrays.xml@ res/values-in/arrays.xml@ res/values-it/arrays.xml@ res/values-iw/arrays.xml@ res/values-ja/arrays.xml@ res/values-ko/arrays.xml@ res/values-lt/arrays.xml@ res/values-lv/arrays.xml@ res/values-ms/arrays.xml@ res/values-ms/strings.xml@ res/values-nb/arrays.xml@ res/values-nl/arrays.xml@ res/values-pl/arrays.xml@ res/values-pt-rPT/arrays.xml@ res/values-pt/arrays.xml@ res/values-ro/arrays.xml@ res/values-ru/arrays.xml@ res/values-sk/arrays.xml@ res/values-sl/arrays.xml@ res/values-sr/arrays.xml@ res/values-sv/arrays.xml@ res/values-sw/arrays.xml@ res/values-sw/strings.xml@ res/values-th/arrays.xml@ res/values-tl/arrays.xml@ res/values-tr/arrays.xml@ res/values-uk/arrays.xml@ res/values-vi/arrays.xml@ res/values-zh-rCN/arrays.xml@ res/values-zh-rTW/arrays.xml@ res/values-zu/arrays.xml@ res/values-zu/strings.xml],37f12e5cee7ed2d354e9366bd6d8e15d1a934f2a,0
9b67695b8a70a018493fa01924d67dbdb9560bd3,false,[],4f90aa9f94f2d4512fe438964f83aa278d29cc0e,[res/drawable-hdpi/app_icon.png],605a0901134c0840b2fcf0514b4c1f8bc10dc7e0,[src/com/android/calendar/AlertService.java],79edc4680fcfb37cf73cc50220f16d77cc3aa718,0
c8b75d0d4387dc02b617c8bb7432afd5071d0fc8,false,[],9703a745c60df6ca96685d7ffe450470341efcaf,[AndroidManifest.xml@ res/values-af/arrays.xml@ res/values-af/strings.xml@ res/values-am/arrays.xml@ res/values-am/strings.xml@ res/values-ar/arrays.xml@ res/values-ar/strings.xml@ res/values-be/arrays.xml@ res/values-be/strings.xml@ res/values-bg/arrays.xml@ res/values-bg/strings.xml@ res/values-ca/arrays.xml@ res/values-ca/strings.xml@ res/values-cs/arrays.xml@ res/values-cs/strings.xml@ res/values-da/arrays.xml@ res/values-da/strings.xml@ res/values-de/arrays.xml@ res/values-de/strings.xml@ res/values-el/arrays.xml@ res/values-el/strings.xml@ res/values-en-rGB/arrays.xml@ res/values-en-rGB/strings.xml@ res/values-es-rUS/arrays.xml@ res/values-es-rUS/strings.xml@ res/values-es/arrays.xml@ res/values-es/strings.xml@ res/values-et/arrays.xml@ res/values-et/strings.xml@ res/values-fa/arrays.xml@ res/values-fa/strings.xml@ res/values-fi/arrays.xml@ res/values-fi/strings.xml@ res/values-fr/arrays.xml@ res/values-fr/strings.xml@ res/values-hi/arrays.xml@ res/values-hi/strings.xml@ res/values-hr/arrays.xml@ res/values-hr/strings.xml@ res/values-hu/arrays.xml@ res/values-hu/strings.xml@ res/values-in/arrays.xml@ res/values-in/strings.xml@ res/values-it/arrays.xml@ res/values-it/strings.xml@ res/values-iw/arrays.xml@ res/values-iw/strings.xml@ res/values-ja/arrays.xml@ res/values-ja/strings.xml@ res/values-ko/arrays.xml@ res/values-ko/strings.xml@ res/values-lt/arrays.xml@ res/values-lt/strings.xml@ res/values-lv/arrays.xml@ res/values-lv/strings.xml@ res/values-ms/arrays.xml@ res/values-ms/strings.xml@ res/values-nb/arrays.xml@ res/values-nb/strings.xml@ res/values-nl/arrays.xml@ res/values-nl/strings.xml@ res/values-pl/arrays.xml@ res/values-pl/strings.xml@ res/values-pt-rPT/arrays.xml@ res/values-pt-rPT/strings.xml@ res/values-pt/arrays.xml@ res/values-pt/strings.xml@ res/values-ro/arrays.xml@ res/values-ro/strings.xml@ res/values-ru/arrays.xml@ res/values-ru/strings.xml@ res/values-sk/arrays.xml@ res/values-sk/strings.xml@ res/values-sl/arrays.xml@ res/values-sl/strings.xml@ res/values-sr/arrays.xml@ res/values-sr/strings.xml@ res/values-sv/arrays.xml@ res/values-sv/strings.xml@ res/values-sw/arrays.xml@ res/values-sw/strings.xml@ res/values-th/arrays.xml@ res/values-th/strings.xml@ res/values-tl/arrays.xml@ res/values-tl/strings.xml@ res/values-tr/arrays.xml@ res/values-tr/strings.xml@ res/values-uk/arrays.xml@ res/values-uk/strings.xml@ res/values-vi/arrays.xml@ res/values-vi/strings.xml@ res/values-zh-rCN/arrays.xml@ res/values-zh-rCN/strings.xml@ res/values-zh-rTW/arrays.xml@ res/values-zh-rTW/strings.xml@ res/values-zu/arrays.xml@ res/values-zu/strings.xml@ res/values/strings.xml@ src/com/android/calendar/CloudNotificationBackplane.java@ src/com/android/calendar/ExtensionsFactory.java@ src/com/android/calendar/alerts/AlertReceiver.java@ src/com/android/calendar/alerts/AlertService.java@ src/com/android/calendar/alerts/AlertUtils.java@ src/com/android/calendar/alerts/DismissAlarmsService.java@ src/com/android/calendar/alerts/GlobalDismissManager.java],c8016025070c1421502e8927ca90a7f2b913a325,[res/values-af/arrays.xml@ res/values-af/strings.xml@ res/values-am/arrays.xml@ res/values-am/strings.xml@ res/values-ar/arrays.xml@ res/values-ar/strings.xml@ res/values-be/arrays.xml@ res/values-be/strings.xml@ res/values-bg/arrays.xml@ res/values-bg/strings.xml@ res/values-ca/arrays.xml@ res/values-ca/strings.xml@ res/values-cs/arrays.xml@ res/values-cs/strings.xml@ res/values-da/arrays.xml@ res/values-da/strings.xml@ res/values-de/arrays.xml@ res/values-de/strings.xml@ res/values-el/arrays.xml@ res/values-el/strings.xml@ res/values-en-rGB/arrays.xml@ res/values-en-rGB/strings.xml@ res/values-es-rUS/arrays.xml@ res/values-es-rUS/strings.xml@ res/values-es/arrays.xml@ res/values-es/strings.xml@ res/values-et/arrays.xml@ res/values-et/strings.xml@ res/values-fa/arrays.xml@ res/values-fa/strings.xml@ res/values-fi/arrays.xml@ res/values-fi/strings.xml@ res/values-fr/arrays.xml@ res/values-fr/strings.xml@ res/values-hi/arrays.xml@ res/values-hi/strings.xml@ res/values-hr/arrays.xml@ res/values-hr/strings.xml@ res/values-hu/arrays.xml@ res/values-hu/strings.xml@ res/values-in/arrays.xml@ res/values-in/strings.xml@ res/values-it/arrays.xml@ res/values-it/strings.xml@ res/values-iw/arrays.xml@ res/values-iw/strings.xml@ res/values-ja/arrays.xml@ res/values-ja/strings.xml@ res/values-ko/arrays.xml@ res/values-ko/strings.xml@ res/values-lt/arrays.xml@ res/values-lt/strings.xml@ res/values-lv/arrays.xml@ res/values-lv/strings.xml@ res/values-ms/arrays.xml@ res/values-ms/strings.xml@ res/values-nb/arrays.xml@ res/values-nb/strings.xml@ res/values-nl/arrays.xml@ res/values-nl/strings.xml@ res/values-pl/arrays.xml@ res/values-pl/strings.xml@ res/values-pt-rPT/arrays.xml@ res/values-pt-rPT/strings.xml@ res/values-pt/arrays.xml@ res/values-pt/strings.xml@ res/values-ro/arrays.xml@ res/values-ro/strings.xml@ res/values-ru/arrays.xml@ res/values-ru/strings.xml@ res/values-sk/arrays.xml@ res/values-sk/strings.xml@ res/values-sl/arrays.xml@ res/values-sl/strings.xml@ res/values-sr/arrays.xml@ res/values-sr/strings.xml@ res/values-sv/arrays.xml@ res/values-sv/strings.xml@ res/values-sw/arrays.xml@ res/values-sw/strings.xml@ res/values-th/arrays.xml@ res/values-th/strings.xml@ res/values-tl/arrays.xml@ res/values-tl/strings.xml@ res/values-tr/arrays.xml@ res/values-tr/strings.xml@ res/values-uk/arrays.xml@ res/values-uk/strings.xml@ res/values-vi/arrays.xml@ res/values-vi/strings.xml@ res/values-zh-rCN/arrays.xml@ res/values-zh-rCN/strings.xml@ res/values-zh-rTW/arrays.xml@ res/values-zh-rTW/strings.xml@ res/values-zu/arrays.xml@ res/values-zu/strings.xml],ca7c0e95032a00df7a1ee7eebae42fc817d4614e,0
0d4141e71e0828b45a44924b9258ca9fb568fa08,false,[],b80aba32f66f34ffa14081d23d38eb1828c7972d,[res/values-af/arrays.xml@ res/values-af/strings.xml@ res/values-am/arrays.xml@ res/values-am/strings.xml@ res/values-ar/arrays.xml@ res/values-ar/strings.xml@ res/values-be/arrays.xml@ res/values-be/strings.xml@ res/values-bg/arrays.xml@ res/values-bg/strings.xml@ res/values-ca/arrays.xml@ res/values-ca/strings.xml@ res/values-cs/arrays.xml@ res/values-cs/strings.xml@ res/values-da/arrays.xml@ res/values-da/strings.xml@ res/values-de/arrays.xml@ res/values-de/strings.xml@ res/values-el/arrays.xml@ res/values-el/strings.xml@ res/values-en-rGB/arrays.xml@ res/values-en-rGB/strings.xml@ res/values-es-rUS/arrays.xml@ res/values-es-rUS/strings.xml@ res/values-es/arrays.xml@ res/values-es/strings.xml@ res/values-et/arrays.xml@ res/values-et/strings.xml@ res/values-fa/arrays.xml@ res/values-fa/strings.xml@ res/values-fi/arrays.xml@ res/values-fi/strings.xml@ res/values-fr/arrays.xml@ res/values-fr/strings.xml@ res/values-hi/arrays.xml@ res/values-hi/strings.xml@ res/values-hr/arrays.xml@ res/values-hr/strings.xml@ res/values-hu/arrays.xml@ res/values-hu/strings.xml@ res/values-in/arrays.xml@ res/values-in/strings.xml@ res/values-it/arrays.xml@ res/values-it/strings.xml@ res/values-iw/arrays.xml@ res/values-iw/strings.xml@ res/values-ja/arrays.xml@ res/values-ja/strings.xml@ res/values-ko/arrays.xml@ res/values-ko/strings.xml@ res/values-lt/arrays.xml@ res/values-lt/strings.xml@ res/values-lv/arrays.xml@ res/values-lv/strings.xml@ res/values-ms/arrays.xml@ res/values-ms/strings.xml@ res/values-nb/arrays.xml@ res/values-nb/strings.xml@ res/values-nl/arrays.xml@ res/values-nl/strings.xml@ res/values-pl/arrays.xml@ res/values-pl/strings.xml@ res/values-pt-rPT/arrays.xml@ res/values-pt-rPT/strings.xml@ res/values-pt/arrays.xml@ res/values-pt/strings.xml@ res/values-ro/arrays.xml@ res/values-ro/strings.xml@ res/values-ru/arrays.xml@ res/values-ru/strings.xml@ res/values-sk/arrays.xml@ res/values-sk/strings.xml@ res/values-sl/arrays.xml@ res/values-sl/strings.xml@ res/values-sr/arrays.xml@ res/values-sr/strings.xml@ res/values-sv/arrays.xml@ res/values-sv/strings.xml@ res/values-sw/arrays.xml@ res/values-sw/strings.xml@ res/values-th/arrays.xml@ res/values-th/strings.xml@ res/values-tl/arrays.xml@ res/values-tl/strings.xml@ res/values-tr/arrays.xml@ res/values-tr/strings.xml@ res/values-uk/arrays.xml@ res/values-uk/strings.xml@ res/values-vi/arrays.xml@ res/values-vi/strings.xml@ res/values-zh-rCN/arrays.xml@ res/values-zh-rCN/strings.xml@ res/values-zh-rTW/arrays.xml@ res/values-zh-rTW/strings.xml@ res/values-zu/arrays.xml@ res/values-zu/strings.xml@ res/values/arrays.xml@ res/values/strings.xml@ res/xml/general_preferences.xml@ src/com/android/calendar/alerts/AlertReceiver.java],e48ff1a949943d62bf4d8fe92a6cc95774218aeb,[src/com/android/calendar/alerts/AlertService.java],b5823d54b30587fca7dbc08ddbd67ae8dab0ef47,0
75d80dca513294109e5eb68c7c75ebc5b78eb5ae,false,[],8a6f0c174e6a838897ab3d2f9b2a8dd6abb40aa0,[],d3806367d135e247fade48799dce2055e5d08475,[],61513bc4ce2380791aecb0ea86890ccc2c79b98e,0
7ccb211baabd22bf394f158ae116df414fedb4de,false,[],0c43b6f839d52ebf393124cdc9a33cb7f4a105ee,[],d9c9a548ea5b0862482b6079c2e1a581c4f6b899,[src/com/android/calendar/DayFragment.java],b19d2b5e582e7d389e3c94165e9b3b79b5dfbe00,0
56b85216670c91ed12bbdf73e0fd3023a13b874f,false,[],6c66ecf0a183df0f72579651d718c7713a3b76e7,[res/values-af/arrays.xml@ res/values-af/strings.xml@ res/values-am/arrays.xml@ res/values-am/strings.xml@ res/values-ar/arrays.xml@ res/values-ar/strings.xml@ res/values-be/arrays.xml@ res/values-be/strings.xml@ res/values-bg/arrays.xml@ res/values-bg/strings.xml@ res/values-ca/strings.xml@ res/values-cs/strings.xml@ res/values-da/strings.xml@ res/values-de/arrays.xml@ res/values-de/strings.xml@ res/values-el/arrays.xml@ res/values-el/strings.xml@ res/values-en-rGB/strings.xml@ res/values-es-rUS/strings.xml@ res/values-es/strings.xml@ res/values-et/arrays.xml@ res/values-et/strings.xml@ res/values-fa/strings.xml@ res/values-fi/arrays.xml@ res/values-fi/strings.xml@ res/values-fr/strings.xml@ res/values-hi/arrays.xml@ res/values-hi/strings.xml@ res/values-hr/arrays.xml@ res/values-hr/strings.xml@ res/values-hu/strings.xml@ res/values-in/arrays.xml@ res/values-in/strings.xml@ res/values-it/arrays.xml@ res/values-it/strings.xml@ res/values-iw/strings.xml@ res/values-ja/arrays.xml@ res/values-ja/strings.xml@ res/values-ko/arrays.xml@ res/values-ko/strings.xml@ res/values-lt/arrays.xml@ res/values-lt/strings.xml@ res/values-lv/arrays.xml@ res/values-lv/strings.xml@ res/values-ms/strings.xml@ res/values-nb/strings.xml@ res/values-nl/arrays.xml@ res/values-nl/strings.xml@ res/values-pl/arrays.xml@ res/values-pl/strings.xml@ res/values-pt-rPT/arrays.xml@ res/values-pt-rPT/strings.xml@ res/values-pt/strings.xml@ res/values-ro/arrays.xml@ res/values-ro/strings.xml@ res/values-ru/arrays.xml@ res/values-ru/strings.xml@ res/values-sk/arrays.xml@ res/values-sk/strings.xml@ res/values-sl/arrays.xml@ res/values-sl/strings.xml@ res/values-sr/arrays.xml@ res/values-sr/strings.xml@ res/values-sv/arrays.xml@ res/values-sv/strings.xml@ res/values-sw/strings.xml@ res/values-th/arrays.xml@ res/values-th/strings.xml@ res/values-tl/arrays.xml@ res/values-tl/strings.xml@ res/values-tr/arrays.xml@ res/values-tr/strings.xml@ res/values-uk/arrays.xml@ res/values-uk/strings.xml@ res/values-vi/arrays.xml@ res/values-vi/strings.xml@ res/values-zh-rCN/strings.xml@ res/values-zh-rTW/arrays.xml@ res/values-zh-rTW/strings.xml@ res/values-zu/arrays.xml@ res/values-zu/strings.xml],54b35e5d0cef2c2d8a75b817e49653fb6ae129a3,[res/values-af/arrays.xml@ res/values-af/strings.xml@ res/values-am/arrays.xml@ res/values-am/strings.xml@ res/values-ar/arrays.xml@ res/values-ar/strings.xml@ res/values-be/arrays.xml@ res/values-be/strings.xml@ res/values-bg/arrays.xml@ res/values-bg/strings.xml@ res/values-ca/strings.xml@ res/values-cs/strings.xml@ res/values-da/strings.xml@ res/values-de/arrays.xml@ res/values-de/strings.xml@ res/values-el/arrays.xml@ res/values-el/strings.xml@ res/values-en-rGB/strings.xml@ res/values-es-rUS/strings.xml@ res/values-es/strings.xml@ res/values-et/arrays.xml@ res/values-et/strings.xml@ res/values-fa/strings.xml@ res/values-fi/arrays.xml@ res/values-fi/strings.xml@ res/values-fr/strings.xml@ res/values-hi/arrays.xml@ res/values-hi/strings.xml@ res/values-hr/arrays.xml@ res/values-hr/strings.xml@ res/values-hu/strings.xml@ res/values-in/arrays.xml@ res/values-in/strings.xml@ res/values-it/arrays.xml@ res/values-it/strings.xml@ res/values-iw/strings.xml@ res/values-ja/arrays.xml@ res/values-ja/strings.xml@ res/values-ko/arrays.xml@ res/values-ko/strings.xml@ res/values-lt/arrays.xml@ res/values-lt/strings.xml@ res/values-lv/arrays.xml@ res/values-lv/strings.xml@ res/values-ms/strings.xml@ res/values-nb/strings.xml@ res/values-nl/arrays.xml@ res/values-nl/strings.xml@ res/values-pl/arrays.xml@ res/values-pl/strings.xml@ res/values-pt-rPT/arrays.xml@ res/values-pt-rPT/strings.xml@ res/values-pt/strings.xml@ res/values-ro/arrays.xml@ res/values-ro/strings.xml@ res/values-ru/arrays.xml@ res/values-ru/strings.xml@ res/values-sk/arrays.xml@ res/values-sk/strings.xml@ res/values-sl/arrays.xml@ res/values-sl/strings.xml@ res/values-sr/arrays.xml@ res/values-sr/strings.xml@ res/values-sv/arrays.xml@ res/values-sv/strings.xml@ res/values-sw/strings.xml@ res/values-th/arrays.xml@ res/values-th/strings.xml@ res/values-tl/arrays.xml@ res/values-tl/strings.xml@ res/values-tr/arrays.xml@ res/values-tr/strings.xml@ res/values-uk/arrays.xml@ res/values-uk/strings.xml@ res/values-vi/arrays.xml@ res/values-vi/strings.xml@ res/values-zh-rCN/strings.xml@ res/values-zh-rTW/arrays.xml@ res/values-zh-rTW/strings.xml@ res/values-zu/arrays.xml@ res/values-zu/strings.xml],9d7cd2488a31deca8a62a20444cb615b1315828b,0
524b1ebbeb9dafc66cbaef9ac595d97ab55d063b,false,[],9881907c47b2658fa85954bfb339c4b1eab9fc8e,[AndroidManifest.xml@ res/drawable-mdpi/snooze.png@ res/layout/notification.xml@ res/values/strings.xml@ src/com/android/calendar/alerts/AlertActivity.java@ src/com/android/calendar/alerts/AlertReceiver.java@ src/com/android/calendar/alerts/AlertService.java@ src/com/android/calendar/alerts/AlertUtils.java@ src/com/android/calendar/alerts/DismissAlarmsService.java@ src/com/android/calendar/alerts/DismissAllAlarmsService.java@ src/com/android/calendar/alerts/SnoozeAlarmsService.java],8912d764defc3f18e49257ad798b57d396ef6ad5,[res/values-da/strings.xml@ res/values-fr/strings.xml@ res/values-in/strings.xml],4526bd2efae219f8470d444e18c7783e90773adf,0
2d078d53767ed634a22826a7c088efc91c528903,false,[],9f35770a72eb5e76fbb53426fa613d3232b4664e,[res/layout/edit_event.xml],b7fae2eaa59457ab9508c79784d9898897c68918,[res/values-cs/strings.xml@ res/values-da/strings.xml@ res/values-de/strings.xml@ res/values-el/strings.xml@ res/values-es-rUS/strings.xml@ res/values-es/strings.xml@ res/values-fr/strings.xml@ res/values-it/strings.xml@ res/values-ja/strings.xml@ res/values-ko/strings.xml@ res/values-nb/strings.xml@ res/values-nl/strings.xml@ res/values-pl/strings.xml@ res/values-pt-rPT/strings.xml@ res/values-pt/strings.xml@ res/values-ru/strings.xml@ res/values-sv/strings.xml@ res/values-tr/strings.xml@ res/values-zh-rCN/strings.xml@ res/values-zh-rTW/strings.xml],76af90e50f6677a62e2eb40e18ad83df54d7f24b,0
b023b8bfbf790476a386f1b2f427fe5dcca5fc43,false,[],17369cbcf07dd907eeaa2c2973a20000c64f7c5b,[proguard.flags@ res/layout-land/all_in_one.xml@ res/layout/edit_event_2.xml@ res/menu-land/all_in_one_title_bar.xml@ res/values-ar/strings.xml@ res/values-bg/strings.xml@ res/values-ca/strings.xml@ res/values-cs/strings.xml@ res/values-da/strings.xml@ res/values-de/strings.xml@ res/values-el/strings.xml@ res/values-en-rGB/strings.xml@ res/values-es-rUS-xlarge/arrays.xml@ res/values-es-rUS-xlarge/strings.xml@ res/values-es-rUS/strings.xml@ res/values-es/strings.xml@ res/values-fa/strings.xml@ res/values-fi/strings.xml@ res/values-fr/arrays.xml@ res/values-fr/strings.xml@ res/values-hr/strings.xml@ res/values-hu/strings.xml@ res/values-in/strings.xml@ res/values-it/strings.xml@ res/values-iw/strings.xml@ res/values-ja/arrays.xml@ res/values-ja/strings.xml@ res/values-ko/strings.xml@ res/values-lt/strings.xml@ res/values-lv/strings.xml@ res/values-nb/strings.xml@ res/values-nl/strings.xml@ res/values-pl/strings.xml@ res/values-pt-rPT/strings.xml@ res/values-pt/strings.xml@ res/values-ro/strings.xml@ res/values-ru/strings.xml@ res/values-sk/strings.xml@ res/values-sl/strings.xml@ res/values-sr/strings.xml@ res/values-sv/strings.xml@ res/values-th/strings.xml@ res/values-tl/strings.xml@ res/values-tr/strings.xml@ res/values-uk/strings.xml@ res/values-vi/strings.xml@ res/values-zh-rCN/arrays.xml@ res/values-zh-rCN/strings.xml@ res/values-zh-rTW/strings.xml@ res/values/strings.xml@ src/com/android/calendar/AllInOneActivity.java@ src/com/android/calendar/CalendarController.java@ src/com/android/calendar/DayView.java@ src/com/android/calendar/Event.java@ src/com/android/calendar/EventGeometry.java@ src/com/android/calendar/EventInfoFragment.java@ src/com/android/calendar/GeneralPreferences.java@ src/com/android/calendar/agenda/AgendaListView.java@ src/com/android/calendar/agenda/AgendaWindowAdapter.java@ src/com/android/calendar/alerts/AlertActivity.java@ src/com/android/calendar/alerts/AlertAdapter.java@ src/com/android/calendar/alerts/AlertReceiver.java@ src/com/android/calendar/alerts/AlertService.java@ src/com/android/calendar/event/EditEventFragment.java@ src/com/android/calendar/event/EditEventView.java@ src/com/android/calendar/month/MonthWeekEventsView.java@ src/com/android/calendar/month/SimpleDayPickerFragment.java@ src/com/android/calendar/selectcalendars/SelectCalendarsSyncAdapter.java],909355d41c610b827e9b56672a8006d362bf7590,[res/values-ca/strings.xml@ res/values-ru/strings.xml],c7fe4e93cddf6031ae9d2ffc61be9873ab6a0893,0
f32361a70647652a07e0387693e40d8e4f63d142,false,[],d228a84736d3c8da4b4a334e00a4e138cc1f5439,[AndroidManifest.xml@ res/values/strings.xml@ src/com/android/calendar/CloudNotificationBackplane.java@ src/com/android/calendar/ExtensionsFactory.java@ src/com/android/calendar/alerts/AlertReceiver.java@ src/com/android/calendar/alerts/AlertService.java@ src/com/android/calendar/alerts/AlertUtils.java@ src/com/android/calendar/alerts/DismissAlarmsService.java@ src/com/android/calendar/alerts/GlobalDismissManager.java],fd3f7cc5e8b3e24403fbd858e68b82f9959f86df,[],a1b32cc5f5d58dea38435d98ce45e971fe30a97c,0
88d0b0438e41ad3aff04879b6bb0f4789ee05936,false,[],86f15e65f9ba701abf9c3eaa7fec1034af2d94b4,[],e6aa93773f2132900f019fbbf203db4c30c5b254,[Android.mk@ assets/backward@ assets/zone.tab@ project.properties@ src/com/android/calendar/event/EditEventView.java],523cc4846b045c51d70ae59c9b66bc232eac807a,0
f04883c40f4b805fcc2c2c10c12b569eae085bb9,false,[],f5cc2a12d6bed8862426a23e844cc37fada59962,[],eeff611a4bec0e3d3fd52eccabe14af82d24c83e,[res/drawable-hdpi/calname_bottom_nomal_holo_light.9.png@ res/drawable-hdpi/calname_bottom_nomal_underselect_holo_light.9.png@ res/drawable-hdpi/calname_bottom_select_undernomal_holo_light.9.png@ res/drawable-hdpi/calname_bottom_select_underunselected_holo_light.9.png@ res/drawable-hdpi/calname_bottom_unselected_holo_light.9.png@ res/drawable-hdpi/calname_bottom_unselected_underselect_holo_light.9.png@ res/drawable-hdpi/calname_nomal_holo_light.9.png@ res/drawable-hdpi/calname_nomal_underselect_holo_light.9.png@ res/drawable-hdpi/calname_select_undernomal_holo_light.9.png@ res/drawable-hdpi/calname_select_underunselected_holo_light.9.png@ res/drawable-hdpi/calname_unselected_holo_light.9.png@ res/drawable-hdpi/calname_unselected_underselect_holo_light.9.png@ res/drawable-hdpi/minicalendar_bg_holo_light.9.png@ res/drawable-mdpi/calname_bottom_nomal_holo_light.9.png@ res/drawable-mdpi/calname_bottom_nomal_underselect_holo_light.9.png@ res/drawable-mdpi/calname_bottom_select_undernomal_holo_light.9.png@ res/drawable-mdpi/calname_bottom_select_underunselected_holo_light.9.png@ res/drawable-mdpi/calname_bottom_unselected_holo_light.9.png@ res/drawable-mdpi/calname_bottom_unselected_underselect_holo_light.9.png@ res/drawable-mdpi/calname_nomal_holo_light.9.png@ res/drawable-mdpi/calname_nomal_underselect_holo_light.9.png@ res/drawable-mdpi/calname_select_undernomal_holo_light.9.png@ res/drawable-mdpi/calname_select_underunselected_holo_light.9.png@ res/drawable-mdpi/calname_unselected_holo_light.9.png@ res/drawable-mdpi/calname_unselected_underselect_holo_light.9.png@ res/drawable-mdpi/minicalendar_bg_holo_light.9.png@ src/com/android/calendar/selectcalendars/SelectCalendarsSimpleAdapter.java],767a60b4e7f91059343818c016cdbc470a49161e,0
ce2719263ef6cc77ea2c24d5cb8602c763a5c895,false,[],dc763d59f251fbd8cbcfd2e1c57b15eb1e47d0fb,[Android.mk@ AndroidManifest.xml@ extensions_src/com/android/calendar/extensions/AboutPreferences.java@ extensions_src/com/android/calendar/extensions/AllInOneMenuExtensions.java@ proguard.flags@ res/drawable-hdpi/ic_menu_today_no_date_holo_light.png@ res/drawable-mdpi/ic_menu_today_no_date_holo_light.png@ res/drawable-sw600dp/ic_menu_today_no_date_holo_light.png@ res/drawable-xhdpi/ic_menu_today_no_date_holo_light.png@ res/layout-sw600dp/edit_event_1.xml@ res/layout/edit_event_1.xml@ res/layout/event_info.xml@ res/layout/event_info_dialog.xml@ res/layout/expandable_textview.xml@ res/layout/notification.xml@ res/menu/all_in_one_title_bar.xml@ res/mipmap-xxhdpi/ic_launcher_calendar.png@ res/values-af/strings.xml@ res/values-am/strings.xml@ res/values-ar/strings.xml@ res/values-be/strings.xml@ res/values-bg/strings.xml@ res/values-ca/arrays.xml@ res/values-ca/strings.xml@ res/values-cs/strings.xml@ res/values-da/strings.xml@ res/values-de/strings.xml@ res/values-el/strings.xml@ res/values-en-rGB/strings.xml@ res/values-es-rUS/strings.xml@ res/values-es/strings.xml@ res/values-et/strings.xml@ res/values-fa/arrays.xml@ res/values-fa/strings.xml@ res/values-fi/strings.xml@ res/values-fr/strings.xml@ res/values-hi/strings.xml@ res/values-hr/strings.xml@ res/values-hu/strings.xml@ res/values-in/strings.xml@ res/values-it/strings.xml@ res/values-iw/strings.xml@ res/values-ja/strings.xml@ res/values-ko/strings.xml@ res/values-lt/strings.xml@ res/values-lv/strings.xml@ res/values-ms/strings.xml@ res/values-nb/arrays.xml@ res/values-nb/strings.xml@ res/values-nl/strings.xml@ res/values-pl/strings.xml@ res/values-pt-rPT/strings.xml@ res/values-pt/strings.xml@ res/values-ro/strings.xml@ res/values-ru/strings.xml@ res/values-sk/strings.xml@ res/values-sl/strings.xml@ res/values-sr/strings.xml@ res/values-sv/strings.xml@ res/values-sw/arrays.xml@ res/values-sw/strings.xml@ res/values-th/strings.xml@ res/values-tl/strings.xml@ res/values-tr/strings.xml@ res/values-uk/strings.xml@ res/values-vi/strings.xml@ res/values-zh-rCN/strings.xml@ res/values-zh-rTW/strings.xml@ res/values-zu/strings.xml@ res/values/colors.xml@ res/values/strings.xml@ res/xml/appwidget_info.xml@ res/xml/calendar_settings_headers.xml@ src/com/android/calendar/AboutPreferences.java@ src/com/android/calendar/AllInOneActivity.java@ src/com/android/calendar/CalendarApplication.java@ src/com/android/calendar/CalendarSettingsActivity.java@ src/com/android/calendar/DayView.java@ src/com/android/calendar/DeleteEventHelper.java@ src/com/android/calendar/Event.java@ src/com/android/calendar/EventInfoActivity.java@ src/com/android/calendar/EventInfoFragment.java@ src/com/android/calendar/EventRecurrenceFormatter.java@ src/com/android/calendar/GeneralPreferences.java@ src/com/android/calendar/GoogleCalendarUriIntentFilter.java@ src/com/android/calendar/SearchActivity.java@ src/com/android/calendar/Utils.java@ src/com/android/calendar/agenda/AgendaByDayAdapter.java@ src/com/android/calendar/agenda/AgendaFragment.java@ src/com/android/calendar/agenda/AgendaListView.java@ src/com/android/calendar/agenda/AgendaWindowAdapter.java@ src/com/android/calendar/alerts/AlarmManagerInterface.java@ src/com/android/calendar/alerts/AlertActivity.java@ src/com/android/calendar/alerts/AlertAdapter.java@ src/com/android/calendar/alerts/AlertReceiver.java@ src/com/android/calendar/alerts/AlertService.java@ src/com/android/calendar/alerts/AlertUtils.java@ src/com/android/calendar/alerts/DismissAlarmsService.java@ src/com/android/calendar/alerts/NotificationMgr.java@ src/com/android/calendar/alerts/QuickResponseActivity.java@ src/com/android/calendar/alerts/SnoozeAlarmsService.java@ src/com/android/calendar/event/EditEventFragment.java@ src/com/android/calendar/event/EditEventHelper.java@ src/com/android/calendar/event/EditEventView.java@ src/com/android/calendar/month/MonthByWeekAdapter.java@ src/com/android/calendar/selectcalendars/SelectSyncedCalendarsMultiAccountActivity.java@ src/com/android/calendar/selectcalendars/SelectSyncedCalendarsMultiAccountAdapter.java@ src/com/android/calendar/widget/CalendarAppWidgetService.java@ tests/Android.mk@ tests/src/com/android/calendar/alerts/AlertServiceTest.java@ tests/src/com/android/calendar/event/EditEventHelperTest.java],0b5bdc12baa91b2aace056af0dbb68d36fdb9509,[res/values/arrays.xml],05b1f9b5fa9be52ac0282ff3ce0c1982dc2a9eaa,0
f388d55d28296a38eb17d7d7e497edb427c0a1ab,false,[],899d3eac5cd5c08493106c188c8633718d694a43,[],fac03de82196943f3a28abb45b8d5576c11d7fbd,[res/values-de/strings.xml@ res/values-es-rUS/arrays.xml@ res/values-es-rUS/strings.xml@ res/values-pt/strings.xml@ res/values-zu/arrays.xml@ res/values-zu/strings.xml],8b1119b1b58381c7fc550974f53cf93bd95dffa8,0
